{"stats":{"minecraft:custom":{"minecraft:time_since_rest":11700,"minecraft:sprint_one_cm":11140,"minecraft:damage_taken":380,"minecraft:walk_one_cm":33620,"minecraft:mob_kills":1,"minecraft:drop":19,"minecraft:damage_dealt":30,"minecraft:fly_one_cm":42578,"minecraft:interact_with_crafting_table":4,"minecraft:open_chest":2,"minecraft:crouch_one_cm":4797,"minecraft:play_one_minute":22552,"minecraft:deaths":1,"minecraft:sneak_time":959,"minecraft:jump":187,"minecraft:leave_game":2,"minecraft:walk_on_water_one_cm":9,"minecraft:time_since_death":11676,"minecraft:fall_one_cm":2990},"minecraft:picked_up":{"securitycraft:reinforced_stone":3,"minecraft:gunpowder":65,"minecraft:redstone":64,"minecraft:dirt":1,"minecraft:string":64,"securitycraft:sentry":3,"minecraft:diamond":192,"minecraft:wheat_seeds":2,"minecraft:iron_ingot":448,"minecraft:gold_ingot":320,"minecraft:snowball":16},"minecraft:used":{"minecraft:redstone_torch":1,"minecraft:creeper_spawn_egg":3,"securitycraft:trophy_system":1,"securitycraft:protecto":1,"securitycraft:camera_monitor":3,"minecraft:grass_block":27,"securitycraft:keypad_chest":4,"minecraft:stone":3,"securitycraft:remote_access_mine":5,"securitycraft:security_camera":1,"minecraft:iron_door":2,"securitycraft:scanner_door_item":4,"securitycraft:sentry":3,"securitycraft:keypad":2,"minecraft:dirt":1,"minecraft:tnt":4,"minecraft:crafting_table":2,"securitycraft:keypad_item":6,"securitycraft:dirt_mine":4,"securitycraft:cage_trap":2,"minecraft:andesite":77,"securitycraft:reinforced_birch_planks":66,"securitycraft:reinforced_stone":12,"securitycraft:alarm":2},"minecraft:mined":{"minecraft:grass":1,"minecraft:grass_block":1,"minecraft:oak_leaves":1},"minecraft:dropped":{"minecraft:iron_ingot":448,"minecraft:gunpowder":64,"minecraft:diamond":192,"minecraft:snowball":16,"minecraft:string":64,"minecraft:gold_ingot":320,"minecraft:redstone":64}},"DataVersion":2586}